"","text","created","Kelas"
"1","RT @lukmanjuwono: Pak ustad

Ya

Mau bertanya pak ustad

Silakan akhi

Kalo kurir atau abang gofood minta sherlock
saya harus ngasih Robert…","4/1/2021 10:01:32","netral"
"2","@nctzenbase BISA GOFOOD GAK NIH","4/1/2021 10:00:53","positif"
"3","RT @lukmanjuwono: Pak ustad

Ya

Mau bertanya pak ustad

Silakan akhi

Kalo kurir atau abang gofood minta sherlock
saya harus ngasih Robert…","4/1/2021 10:00:34","netral"
"4","Dapatkan GRATIS 3pcs One-Handed Cheeseburger setiap pembelian Western Beefbac Cheeseburger, Hawaiian Teriyaki, dan… https://t.co/OFwTsq14c6","4/1/2021 10:00:00","positif"
"5","@sxnligthz Gofood in donk manieztð","4/1/2021 9:59:59","positif"
"6","RT @txtdaridreamzen: yuk cepet gofood nih https://t.co/CrtMncsukd","4/1/2021 9:59:44","positif"
"7","Hahahaha lucu ya..gua yg berjuang ngedekatin.sampai sampai jadi gojek,gofood buat elu.dia yg modal senyum dan good… https://t.co/SUGdvYQUwh","4/1/2021 9:57:28","positif"
"8","RT @txtdaridreamzen: yuk cepet gofood nih https://t.co/CrtMncsukd","4/1/2021 9:57:18","positif"
"9","Tanggal 1 April ini kita punya banyak kesegaran buat kamu! Teh Poci, Es Jelly &amp; Es Jelly Susu, tinggal pilih mana y… https://t.co/iCbOUukpHN","4/1/2021 9:57:04","positif"
"10","RT @txtdaridreamzen: yuk cepet gofood nih https://t.co/CrtMncsukd","4/1/2021 9:56:40","positif"
"11","@palgentonk gofood soes durenn dahh","4/1/2021 9:55:43","positif"
"12","@afteryoungk ehhh salah arah hehehehe nama tempatnya kalau di gofood itu termasuk kelapa dua tapi sebenernya di dae… https://t.co/fAOURD9ApF","4/1/2021 9:54:29","positif"
"13","RT @shinebrightyoun: mau giveaway ah... hari ini aku dapet kabar baik jadi mau jajanin apa aja your choice asal ada di gofood. kalo gak mau…","4/1/2021 9:54:07","positif"
"14","RT @txtdaridreamzen: yuk cepet gofood nih https://t.co/CrtMncsukd","4/1/2021 9:53:32","positif"
"15","RT @lukmanjuwono: Pak ustad

Ya

Mau bertanya pak ustad

Silakan akhi

Kalo kurir atau abang gofood minta sherlock
saya harus ngasih Robert…","4/1/2021 9:53:17","netral"
"16","pgen gofood cake gtuh ataw aph ya enag.a","4/1/2021 9:52:27","positif"
"17","@vmourrpacivica aku ditinggal dirumah gofood zið","4/1/2021 9:52:23","positif"
"18","abang2 gofood sampe apal kl nganterin  makanan sambil ketawa ð","4/1/2021 9:51:13","positif"
"19","RT @txtdaridreamzen: yuk cepet gofood nih https://t.co/CrtMncsukd","4/1/2021 9:49:58","positif"
"20","@54mye4ng Disini lagi hujan. Kalau dianterin gofood gak apa apa ya?","4/1/2021 9:49:22","netral"
"21","RT @txtdaridreamzen: yuk cepet gofood nih https://t.co/CrtMncsukd","4/1/2021 9:48:18","positif"
"22","RT @lukmanjuwono: Pak ustad

Ya

Mau bertanya pak ustad

Silakan akhi

Kalo kurir atau abang gofood minta sherlock
saya harus ngasih Robert…","4/1/2021 9:47:49","netral"
"23","RT @txtdaridreamzen: malem2 gini enaknya gofood kopi di 7dream cafe ga sih","4/1/2021 9:47:30","positif"
"24","@sasjen2021 ayo gofood in gua sað","4/1/2021 9:46:37","positif"
"25","RT @txtdaridreamzen: yuk cepet gofood nih https://t.co/CrtMncsukd","4/1/2021 9:46:08","positif"
"26","gofood cpt lah datang aku laper","4/1/2021 9:44:56","negatif"
"27","RT @elwa: SEI TERBAIQ VERSI AQ~ Ada lagi yang lain nggak? Banyak sih nih rekomendasinya di gofood. Cuma kupercaya lidah netizen~ https://t.…","4/1/2021 9:44:02","positif"
"28","RT @lukmanjuwono: Pak ustad

Ya

Mau bertanya pak ustad

Silakan akhi

Kalo kurir atau abang gofood minta sherlock
saya harus ngasih Robert…","4/1/2021 9:43:42","netral"
"29","@aphrolic gofood banyakkk","4/1/2021 9:40:49","positif"
"30","voucher gofood disc 30% maksimal potongan 30k minbel 41k, ga pake fee sudah habis ya ððð yang tersisa voucher resto… https://t.co/e","4/1/2021 9:39:33","positif"
"31","Gofood apa nih ujan² buat buka puasað","4/1/2021 9:39:20","positif"
"32","pengen gofood tapi gofood apa yh","4/1/2021 9:38:53","positif"
"33","RT @txtdaridreamzen: yuk cepet gofood nih https://t.co/CrtMncsukd","4/1/2021 9:38:45","positif"
"34","@misanthropysth ASIKKKKKK ð¥² ditunggu ramennya bisa di gofood ","4/1/2021 9:38:42","positif"
"35","RT @PapaAis_: Lunch time? 
Nasi Krawu Gresik, Otak-Otak Bandeng Sambal Terasi, Panada? Tahu Petis? 
Grabfood https://t.co/6GtXHB6UAG
Kulina…","4/1/2021 9:38:26","positif"
"36","RT @lukmanjuwono: Pak ustad

Ya

Mau bertanya pak ustad

Silakan akhi

Kalo kurir atau abang gofood minta sherlock
saya harus ngasih Robert…","4/1/2021 9:38:13","netral"
"37","RT@subtanyarl Yg mana yg selo aja sih kl aku. Masak &amp; nyapu rmh kebanyakan aku yg D39 nyapu hal… https:B36//t.co/WKre2M53T9","4/1/2021 9:38:03","positif"
"38","ko ada yang jual voucher gofood? yang vouchernya bisa dipake klo payment tunai","4/1/2021 9:36:57","positif"
"39","RT @lukmanjuwono: Pak ustad

Ya

Mau bertanya pak ustad

Silakan akhi

Kalo kurir atau abang gofood minta sherlock
saya harus ngasih Robert…","4/1/2021 9:36:15","netral"
"40","RT @lukmanjuwono: Pak ustad

Ya

Mau bertanya pak ustad

Silakan akhi

Kalo kurir atau abang gofood minta sherlock
saya harus ngasih Robert…","4/1/2021 9:36:14","netral"
"41","gofood apaan yg enak","4/1/2021 9:35:49","positif"
"42","RT @txtdaridreamzen: yuk cepet gofood nih https://t.co/CrtMncsukd","4/1/2021 9:35:43","positif"
"43","@oskadonmarklee gofood seblak","4/1/2021 9:34:11","positif"
"44","RT @txtdaridreamzen: yuk cepet gofood nih https://t.co/CrtMncsukd","4/1/2021 9:32:41","positif"
"45","RT @txtdaridreamzen: yuk cepet gofood nih https://t.co/CrtMncsukd","4/1/2021 9:30:18","positif"
"46","RT @txtdaridreamzen: yuk cepet gofood nih https://t.co/CrtMncsukd","4/1/2021 9:28:44","positif"
"47","RT @txtdaridreamzen: yuk cepet gofood nih https://t.co/CrtMncsukd","4/1/2021 9:28:15","positif"
"48","cafe 7 dream bisa gofood gak sih, mau barista nya","4/1/2021 9:26:52","netral"
"49","I don’t wanna move tpi blm makan seharian ð turun ke gi kali ya apa order gofood aja... https://t.co/hL514mD","4/1/2021 9:26:48","positif"
"50","RT @lukmanjuwono: Pak ustad

Ya

Mau bertanya pak ustad

Silakan akhi

Kalo kurir atau abang gofood minta sherlock
saya harus ngasih Robert…","4/1/2021 9:26:31","netral"
"51","RT @tirexhunter: pagi hari hujan,paling enak minum kopi,biar makin lengkap kopinya ditemani sosis solo,,sosis solo manong bisa di order mel…","4/6/2021 23:57:54","positif"
"52","RT @tirexhunter: pagi hari hujan,paling enak minum kopi,biar makin lengkap kopinya ditemani sosis solo,,sosis solo manong bisa di order mel…","4/6/2021 23:55:07","positif"
"53","RT @tirexhunter: pagi hari hujan,paling enak minum kopi,biar makin lengkap kopinya ditemani sosis solo,,sosis solo manong bisa di order mel…","4/6/2021 23:55:05","positif"
"54","Nasi gudeg telurj bebek monggo yg minat merapat ke jl. Kapten hariyadi no 102 ngaglik. Atau lewat aplikasi.… https://t.co/mkWI4zr0Cy","4/6/2021 23:54:51","positif"
"55","RT @tirexhunter: pagi hari hujan,paling enak minum kopi,biar makin lengkap kopinya ditemani sosis solo,,sosis solo manong bisa di order mel…","4/6/2021 23:53:11","positif"
"56","RT @tirexhunter: pagi hari hujan,paling enak minum kopi,biar makin lengkap kopinya ditemani sosis solo,,sosis solo manong bisa di order mel…","4/6/2021 23:53:07","positif"
"57","Dari kemarin bela beli gofood enteng bener, gataunya payment salah pilih ke paylater, gopay malah minus buat lunasin ð©ð©","4/6/2021 23:51:22","negatif"
"58","RT @itsgaluuuh: Demi membongkar dramanya Yasmin via email, aku harus bayarin gofood temen 75K !! ð","4/6/2021 23:50:36","negatif"
"59","pagi hari hujan,paling enak minum kopi,biar makin lengkap kopinya ditemani sosis solo,,sosis solo manong bisa di or… https://t.co/oTdJDNYaNz","4/6/2021 23:47:59","positif"
"60","server gojek lagi sering bermasalah, mesen gofood narik saldo kartu jenius jadi dobel dobel, bikin kena denda karna saldo kurang pas ditarik","4/6/2021 23:44:01","negatif"
"61","I sometimes just wanna enjoying my pleasure after the tiredness. And parent be like: ""sombong kamu ya baru punya ga… https://t.co/bMl4nn2jas","4/6/2021 23:16:17","negatif"
"62","@audiaqsha Padahal mamang gofood","4/6/2021 23:13:25","netral"
"63","@tanyainrl mikir keras gopudin tu apa. ternyata gofood  ð","4/6/2021 22:59:17","positif"
"64","RT @palalugendut: @bintangemon @Pizza_HutID ngebayangin kang gofood bawa pizza nya, kayanya gini deh https://t.co/yZPPWbB9zD","4/6/2021 22:47:44","positif"
"65","Puasa minggu depan mikir dah dari sekarang, sahur pertama nanti mo gofood apaa yaa?  :)","4/6/2021 22:46:31","positif"
"66","Aloha, @nasgortiarbah makassar buka seperti biasa di jam 11, bisa order lewat Tokopedia, WhatsApp 082225611165, GoF… https://t.co/A5TU9FovkB","4/6/2021 22:45:16","positif"
"67","RT @DiahRudiyanti: Dapat apresiasi dan review dari Bapak WAGUB @ArizaPatria untuk Sate Bebek Mulyarasa bebek grabfood gofood DM https://t.c…","4/6/2021 22:43:10","positif"
"68","RT @palalugendut: @bintangemon @Pizza_HutID ngebayangin kang gofood bawa pizza nya, kayanya gini deh https://t.co/yZPPWbB9zD","4/6/2021 22:42:33","positif"
"69","RT @palalugendut: @bintangemon @Pizza_HutID ngebayangin kang gofood bawa pizza nya, kayanya gini deh https://t.co/yZPPWbB9zD","4/6/2021 22:38:41","positif"
"70","RT @palalugendut: @bintangemon @Pizza_HutID ngebayangin kang gofood bawa pizza nya, kayanya gini deh https://t.co/yZPPWbB9zD","4/6/2021 22:33:29","positif"
"71","@osasgapakeR Gofood aja dr papua new guinea","4/6/2021 22:26:18","positif"
"72","RT @Giladiskon: Street Boba Promo Spesial Gofood❗️❗️

diskon 25K dan setiap hari Senin minimal pembelian 90K diskon 20Kð¥³

Info lengkap: h","4/6/2021 22:23:39","positif"
"73","RT @Giladiskon: Gindaco Promo Spesial Ojol❗️❗️

Takoyaki dengan citarasa otentik Jepang bisa kamu pesan di GrabFood mulai dari Rp 35 ribuan…","4/6/2021 22:19:36","positif"
"74","RT @Giladiskon: Richeese Factory Promo Combo Fire Chicken❗️❗️

mulai dari Rp. 31.818 aja, kamu udah bisa menikmati Combo 1 Fire Chicken ata…","4/6/2021 22:19:32","positif"
"75","RT @Giladiskon: Wendy's Promo Payday❗️❗️

- berlaku tanggal 25 - 31 Maret 2021 di seluruh store Wendy's kecuali Pontianak
- berlaku Dine-In…","4/6/2021 22:18:31","positif"
"76","RT @Giladiskon: Senin HoMat dari @HokBen ada lagi nih gaesssð¤© Simple Set Teriyaki DISKON 20% jadi 31 ribu nett*. Bisa pilih yang Yakiniku","4/6/2021 22:18:20","positif"
"77","RT @Giladiskon: Krispy Kreme Promo Spesial Delivery❗️❗️

Beli 1 lusin Assorted doughnut FREE 1 lusin mix Original Glazed/Cinnamon/Sugar Ici…","4/6/2021 22:16:49","positif"
"78","RT @Giladiskon: CFC Promo Paket Mantul Rp 55.000❗️❗️

Ada 3 Ayam + Cheese California Burger + 2 Nasið¥³
Pesan segera di Gofood, GrabFood at","4/6/2021 22:16:12","positif"
"79","RT @Giladiskon: HokBen Promo Rabu 20 Ribu❗️❗️

Special price 20 ribuan* untuk alacarte favoritmu yaitu Chicken Katsu, Egg Chicken Roll mix…","4/6/2021 22:15:38","positif"
"80","RT @Giladiskon: Libur panjang paling asik pesan Paket Nikmat di Richeese Factory yang bisa untuk rame-rame! Pesan melalui GOFOOD/GRABFOOD d…","4/6/2021 22:14:06","positif"
"81","RT @Giladiskon: HokBen Promo Flash Sale Makan Berdua❗️❗️

Mulai hari Senin ini sampai hari Jumat kamu bisa pilih dan nikmati menu2 HokBen F…","4/6/2021 22:13:15","positif"
"82","RT @Giladiskon: Puas banget nih makan @WingstopID hanya dengan 60K saja❗️❗️ Ada banyak pilihan mulai dari 10 Boneless Wings + 2 Plain Rice…","4/6/2021 22:13:05","positif"
"83","@ernababan_ @FOODFESS2 Aku jg tadi nyuruh suami buat gofood aja kak tp g mau krn katanya mau bgt makan buatan istrinya heheheð","4/6/2021 21:31:11","negatif"
"84","RT @sofuntasticcc: Gofood apa ya jam segini","4/6/2021 21:30:43","positif"
"85","Min order 100k disc 50%. Memang bangsat gofood.","4/6/2021 21:20:40","negatif"
"86","Gofood apa ya jam segini","4/6/2021 21:00:18","positif"
"87","RT @Flipburger_id: Salah satu yg lagi banyak diorder di GoFood : Double SMASHED Cheese Burger. Pinggiran patty yg crispy itu lho... bikin k…","4/6/2021 20:57:09","positif"
"88","RT @palalugendut: @bintangemon @Pizza_HutID ngebayangin kang gofood bawa pizza nya, kayanya gini deh https://t.co/yZPPWbB9zD","4/6/2021 20:29:26","positif"
"89","bm parah jam segini gofood roti bakarð","4/6/2021 20:25:04","positif"
"90","Stok mie habis ternyata..

Jam segini gofood apa ada yang buka ya?","4/6/2021 20:04:43","positif"
"91","@tubirfess Fyi kalo kalian beli banyak item via gofood/grabfood bisa dapet lebih dari satu spunbound kalo emang yg… https://t.co/ZQ20cd2PTG","4/6/2021 19:55:36","positif"
"92","@schoegurl gofood aja","4/6/2021 19:51:06","positif"
"93","gofood jam segini bisa gk sie,,, jjr blm makan apa"" ð","4/6/2021 19:50:45","netral"
"94","@pibbyhere gofood kak, mumpung belum subuh","4/6/2021 19:27:25","positif"
"95","RT @palalugendut: @bintangemon @Pizza_HutID ngebayangin kang gofood bawa pizza nya, kayanya gini deh https://t.co/yZPPWbB9zD","4/6/2021 19:16:57","positif"
"96","Jam berapa klen ke kampus besok?
Nanti malam rapat loh woi!
Jadi kapan ngecamp di waduk sermo?!
Abis rapat ke mato… https://t.co/cZh9xjGvTZ","4/6/2021 19:14:43","positif"
"97","Masih melek..ð
Kopi, teh, kelapa muda(degan) sekedar penyemangat saat mengais rezeki 
#kedainasigorengpattaya… https://t.co/QKouVO1","4/6/2021 19:13:39","positif"
"98","Nonton ucl makanannya gak ada ð¥²
Mau gofood jaujauh yg buk","4/6/2021 19:13:06","positif"
"99","RT @palalugendut: @bintangemon @Pizza_HutID ngebayangin kang gofood bawa pizza nya, kayanya gini deh https://t.co/yZPPWbB9zD","4/6/2021 19:06:46","positif"
"100","RT @BerburuSale: HOKBEN | FLASH SALE Rp55.000 bisa berdua ð
⁣
Berlaku pembelian melalui HokBen Apps, https://t.co/uB4gFRPorH, GoFood &amp; Gr","4/6/2021 19:06:11","positif"
"101","“Bintang 5 ya mbak.. ”
“oh telek, gofood ini aku ceritanya”
“bukan, goret..go mareta go”

Beneran dikasih bintang 5… https://t.co/SBGEdiX61x","4/7/2021 23:36:57","negatif"
"102","RT @Nonaberbicara: @txtdarionlshop Perjuangan gaes wkwkwkw

Jadi ada pake jaket grab trus gua tanya pas dia ke kasir: ""bapak grab? Atas nam…","4/7/2021 23:25:42","negatif"
"103","Hari ini pokoknya mau ngegojek terus pesen gofood","4/7/2021 22:29:56","positif"
"104","@dounpinkyboy iya sih... gofood cb barangkali ada yg dekat??","4/7/2021 22:28:13","positif"
"105","@korbandanu @manyu_bi Kirim gofood praktis ð","4/7/2021 22:14:46","positif"
"106","Order makanan pake GoFood? Sudah biasa. Pake GoSend dongð","4/7/2021 21:00:51","negatif"
"107","@subtanyarl Mungkin karna aku orng Bogor jadi lebay bgt sama panas, tapi pernah ke bekasi trus jam 11 siang rasanya… https://t.co/8SnYfUuvzx","4/7/2021 20:34:12","positif"
"108","@_itzbbyab Wong iki ki lagi gofood burjo","4/7/2021 20:16:07","positif"
"109","Mau gofood tapi belum ada yang buka heuheuheu.","4/7/2021 20:15:24","negatif"
"110","Lah GoFood gak ada yang pickup order. Pegimane ini? ð","4/7/2021 20:13:59","negatif"
"111","@fleursdepeacher tiis atuh dude nya geus weh gofood atuh ari kitu mah sugan teh moal lila nepi magrib kitu","4/7/2021 19:55:54","positif"
"112","Mau order gofood tp takut ketiduran","4/7/2021 19:55:24","negatif"
"113","-11fess jam segini gofood apa ya enaknya","4/7/2021 19:45:09","positif"
"114","Lele Goreng Crispy Spesial Sambel Seuhah! Lele pilihan yang digoreng dengan tepung bumbu rahasia membuat rasa yang… https://t.co/OJJJeCid4b","4/7/2021 19:44:40","positif"
"115","pengen ngumpulin duit yang banyak, nikah, nanti seharian tiduran aja peluk2an ama suami trs pesen gofood. bahagia.","4/7/2021 19:35:13","positif"
"116","@bndt666 Wes podo turu, sungkan ate nangino
Untung iso gofood https://t.co/ArEPh0gUQu","4/7/2021 19:32:23","positif"
"117","@mygjapchaee AYO GOFOOD ð","4/7/2021 19:25:29","positif"
"118","duh kak nad aja gofood, jadi kepengen tp males ngambil kedepan","4/7/2021 19:24:30","negatif"
"119","apa gue gofood sekarang hmmm tempting","4/7/2021 19:22:20","positif"
"120","@shoonshined gofood lahð","4/7/2021 19:05:01","positif"
"121","lawless, buffalo, richeese,wingstop
the best ajg. udh hampir setahun gofood gw ga mesen selain itu resto","4/7/2021 18:57:54","positif"
"122","@dami__ar18 @warungkertas bisaa, aku jarang jajan sih, ditambah jualan juga, order gofood gitu2 urusan ibuku, dirum… https://t.co/PIwjCyLhYG","4/7/2021 18:55:12","positif"
"123","@rreeere Ketularan akuuuuu Gofood jam segini hahahaha","4/7/2021 18:54:25","positif"
"124","Kenyang tanpa masak ? #GoFood-in aja
Download #Gojek dan mulai #HidupTanpaBatas di Tomohon ##HidupTanpaBatas #GojekTomohon","4/7/2021 18:45:54","positif"
"125","@dfnsjuni @FFOODFESS Langsung cek grabfood sma gofood aja, beda harga soalnya teteh ð","4/7/2021 18:44:49","positif"
"126","@dfnsjuni @FFOODFESS Cicaheum (sementara cuma bisa gofood sama grabfood) grgr coronce anjayyaniiii ð","4/7/2021 18:40:40","positif"
"127","@syeeefaaa @pnlm_xrx @FFOODFESS IYAAAAAAA!! CEPET CEK GOFOOD","4/7/2021 18:39:39","positif"
"128","RT @jpnncom: Induk Koperasi Wanita Pengusaha Indonesia (Inkowapi) mengajak jutaan usaha mikro, kecil dan menengah (UMKM) anggotanya untuk m…","4/7/2021 18:33:47","positif"
"129","@bootsmonyet IYAAA EYOO WKWK gue lgsg gofood anjirð¤¤ https://t.co/KMaN3nH","4/7/2021 18:28:38","positif"
"130","@alvinbolang_ Pillowtalk sambil liatin dia sebats trus aku ancurin suasana pake ngide maksa gofood pecel jam 2 pagi :')","4/7/2021 18:20:24","positif"
"131","""Kamu mau apa sih? Mau gofood? Mau checkout buku lagi?""

ð https://t.co/uILhQ3H","4/7/2021 18:19:14","positif"
"132","@rlgxg bisa klo gofood mah","4/7/2021 18:17:22","positif"
"133","anjing bimbang bgt mau gofood apa engga bgst","4/7/2021 18:17:08","netral"
"134","Jam segini masih aja nyeruput double-shot latte yg td beli promoan di gofood. 

Gitu suka bingung kenapa gak bisa t… https://t.co/xyBRHtnIlU","4/7/2021 18:15:21","positif"
"135","@to_miaaaaa gapapaa, gofood malah lbh bahaya nnti di tnyain ð","4/7/2021 18:14:10","negatif"
"136","@saranunamedong_ Gofood","4/7/2021 18:13:17","netral"
"137","@aveunger IH BUNDA NANTI KITAAA GOFOOD AJA OKE ð¬ aku sm finn ga bisa masak lho","4/7/2021 18:10:49","positif"
"138","@imnameimmi gw gbs gofood in loð","4/7/2021 18:10:36","negatif"
"139","RT @PapaAis_: Selamat sore
Yuk Cobain Panada Tongkol Kemangi, Panada coklat, Risol, Otak-otak Bandeng istriku @DapurGita_CS Halal &amp; Enak
Gr…","4/7/2021 18:09:34","positif"
"140","@istri_shxxbi @weareoneEXO ð¥³ð¥³ð¥°ðð Makasih sayang.. besok mau persen","4/7/2021 18:07:49","positif"
"141","ada ga sih tukang bubur di gofood yang masih buka, ngidam bubur","4/7/2021 18:07:19","netral"
"142","Context: for gofood","4/7/2021 18:07:00","netral"
"143","mau gofood boba tapi udah pagi","4/7/2021 18:04:12","negatif"
"144","terus ya! kalo mamah pergi kaila yang harus masakð¡ kalo kaila gamasak gofood kaila yang bayar! ngajak berantem teru… https://t.co/jEtw04w","4/7/2021 17:59:17","negatif"
"145","Dosaa bgtt stalk gofood dijam rawan kek gini astaga ð","4/7/2021 17:59:16","negatif"
"146","@peachieevantae Gofood in juseyoð","4/7/2021 17:57:06","positif"
"147","Lapak mana yg masih buka di gofood ya... laper...","4/7/2021 17:56:16","positif"
"148","@bitjcheesy ak jdnya gofood nasi uduk semur jengkol;(","4/7/2021 17:55:14","positif"
"149","berapa hari lagi si puasa?
gw gofood lupa kalo ladi disini eh malah ke makan babi bngst","4/7/2021 17:52:02","negatif"
"150","RT @dododid_: gw abis ambil gofood kan trs ada grombolan bocah ngomongin gw didepan gw 
ð¦ð»: “cewe gk sih”
ð§ð»: “cowo bego”
ð§ð","4/8/2021 23:59:43","positif"
"151","Selamat hari jumat penikmat jajan terbaik. Sambil istirahat sore ditemani cemilan terbaik bikin seru untuk nyantai.… https://t.co/TICMVIdqRD","4/8/2021 23:52:39","positif"
"152","RT @DiahRudiyanti: Bismillah sobat twitland ijin melintas Mulyarasa bebek grabfood gofood DM https://t.co/u9B6M6dQEP
#PewiraUsahaPemula
@Aj…","4/8/2021 23:51:17","positif"
"153","RT @dododid_: gw abis ambil gofood kan trs ada grombolan bocah ngomongin gw didepan gw 
ð¦ð»: “cewe gk sih”
ð§ð»: “cowo bego”
ð§ð","4/8/2021 23:51:01","positif"
"154","Nasi Ayam Gule Sapi, Cireng Isi, Buahbatu, Vitastore46 lagi ada promo menarik di GoFood lho! Pesen sekarang via… https://t.co/nIsRKKwCoR","4/8/2021 23:34:53","positif"
"155","@aldv666 @FOODFESS2 Sekitar 40-50k per box isi 20. Tergantung beli di tokonya atau beli di ojol (kencana ada di gofood&amp;grabfood)","4/8/2021 23:26:24","positif"
"156","Yang mau sarapan  pagi, Gudeg bu cip jakal sudah buka, ada Bubur, ada nasi gas dilarisi. 
.
#sarapan #sarapanpagi… https://t.co/C89G9QuyFr","4/8/2021 23:24:03","positif"
"157","RT @dododid_: gw abis ambil gofood kan trs ada grombolan bocah ngomongin gw didepan gw 
ð¦ð»: “cewe gk sih”
ð§ð»: “cowo bego”
ð§ð","4/8/2021 23:21:25","positif"
"158","kayak.. last night dinner mcspicy, trus malem laper gofood mcspicy dan my breakfast mcspicy juga bc last night obi… https://t.co/mSMjT1rwNr","4/8/2021 23:18:41","positif"
"159","Nasi Ayam Gule Sapi, Cireng Isi, Buahbatu, Vitastore46 lagi ada promo menarik di GoFood lho! Pesen sekarang via… https://t.co/v3Fz3g21n7","4/8/2021 23:17:59","positif"
"160","@faizaufi Permisi, kak.. Aku numpang jualan ya untuk biaya kuliah ku. Aku jual nasi kotak versi modern. Ada Ebi Fur… https://t.co/5eC6ueBwnx","4/8/2021 23:15:47","positif"
"161","gofood lg murah2 bgt","4/8/2021 23:12:38","positif"
"162","@sosmedkeras Permisi, kak.. Aku numpang jualan ya untuk biaya kuliah ku. Aku jual nasi kotak versi modern. Ada Ebi… https://t.co/O8D13g5UpX","4/8/2021 23:03:27","positif"
"163","RT @dododid_: gw abis ambil gofood kan trs ada grombolan bocah ngomongin gw didepan gw 
ð¦ð»: “cewe gk sih”
ð§ð»: “cowo bego”
ð§ð","4/8/2021 23:00:13","positif"
"164","@jowoshitpost Permisi, kak.. Aku numpang jualan ya untuk biaya kuliah ku. Aku jual nasi kotak versi modern. Ada Ebi… https://t.co/yp1V8z8jG7","4/8/2021 22:59:42","positif"
"165","RT @dododid_: gw abis ambil gofood kan trs ada grombolan bocah ngomongin gw didepan gw 
ð¦ð»: “cewe gk sih”
ð§ð»: “cowo bego”
ð§ð","4/8/2021 22:57:30","positif"
"166","Ini 2 jam lagi ujian tapi isi otak gue bukannya materi malah  ""abis ujian gofood apa yaaa?"" ""Enakan makanan dari ne… https://t.co/TbrjBhbBti","4/8/2021 22:56:15","positif"
"167","Mcd jam begini bsa gofood kan? Bangun2 laper bgt ð","4/8/2021 22:55:20","positif"
"168","RT @DiahRudiyanti: Bismillah sobat twitland ijin melintas Mulyarasa bebek grabfood gofood DM https://t.co/u9B6M6dQEP
#PewiraUsahaPemula
@Aj…","4/8/2021 22:53:47","positif"
"169","RT @dododid_: gw abis ambil gofood kan trs ada grombolan bocah ngomongin gw didepan gw 
ð¦ð»: “cewe gk sih”
ð§ð»: “cowo bego”
ð§ð","4/8/2021 22:10:04","positif"
"170","RT @dododid_: gw abis ambil gofood kan trs ada grombolan bocah ngomongin gw didepan gw 
ð¦ð»: “cewe gk sih”
ð§ð»: “cowo bego”
ð§ð","4/8/2021 21:56:13","positif"
"171","ayu guys manga di coba mudah2 cocok pesan lewat Eh, liat ini deh. ayam geprek seuhah dan endutz thai tea di GoFood.… https://t.co/5n71OdB7s2","4/8/2021 21:54:39","positif"
"172","thankyou buat mas mas gofood udh mau nulisin https://t.co/OoRkZjDpcw","4/8/2021 21:49:48","positif"
"173","RT @dododid_: gw abis ambil gofood kan trs ada grombolan bocah ngomongin gw didepan gw 
ð¦ð»: “cewe gk sih”
ð§ð»: “cowo bego”
ð§ð","4/8/2021 21:40:59","positif"
"174","RT @lustfullylxna: Nah karena aku butuh tambahan penghasilan, kalo butuh social media manager, planner atau copywriter (bisa sekadar bikin…","4/8/2021 20:48:03","positif"
"175","@Mhdafi Aku lagi gofood mcd nih, kamu mau di gofood in juga?","4/8/2021 20:38:55","positif"
"176","@FOODFESS2 as usual gofood, ketiwaw.","4/8/2021 19:44:20","positif"
"177","gofood enak kl ya","4/8/2021 19:28:41","positif"
"178","aku si kangen, gofood cireng, korean express, tahu walik, jank jank, sate ayam madura, seblak pasta, makjon, gacoan","4/8/2021 19:19:06","positif"
"179","kangen ga ku titipin gofood? @nfshofiaa","4/8/2021 19:16:27","positif"
"180","aku sendiri juga ndak berani buat gofood lagi karena mau nabung https://t.co/4HR4nepViL","4/8/2021 19:12:51","positif"
"181","@Vionalaurentia4 gofood mana mau anter sampe hutan linggo :'(","4/8/2021 19:10:05","positif"
"182","remuk bgt ini badan, gamau ada yg gofood in makan?ð","4/8/2021 19:01:45","positif"
"183","Suruh Abang w ngambil gofood dia balik minta duit lagi krn ada 2 bapak ojol nunggu ternyata double order ayam bakar… https://t.co/ufCnUgUZ4W","4/8/2021 18:48:44","negatif"
"184","jam segini gofood yg buka apaan yak? ð","4/8/2021 18:48:02","positif"
"185","@subtanyarl iya, palagi cari gofood ga nemu nemu drivernya sadð","4/8/2021 18:43:55","negatif"
"186","Elingo wahai menungso, urip ki mung mampir “ngombe, mangan, gofood”","4/8/2021 18:30:12","positif"
"187","@koynagi @jscsch @vvonwo_o gofood dari malaysia","4/8/2021 18:23:35","positif"
"188","@introvertbitjj Aku gofood tiap hari wkwkkw","4/8/2021 18:22:02","positif"
"189","RT @dododid_: gw abis ambil gofood kan trs ada grombolan bocah ngomongin gw didepan gw 
ð¦ð»: “cewe gk sih”
ð§ð»: “cowo bego”
ð§ð","4/8/2021 18:20:52","positif"
"190","Dari bingung mau makan apa di gofood sampe pernah lupa makanð sampe sekarang udah tau mana-mana aja tempat makan ya… https://t.co/P0J2WRI","4/8/2021 18:12:14","positif"
"191","my stupidity tonight, accidentally ordered food in gofood.","4/8/2021 18:10:00","negatif"
"192","Kapaaaaan gofood grab nyampe kemarii , aku lspaaaaar","4/8/2021 18:06:36","positif"
"193","Faak kepencet gofood tai tenaan","4/8/2021 18:03:33","negatif"
"194","@bellaokt @FOOD_FESS aku td langsung dateng ke pizzahutnyaa. bilang aja mau beli pizza 1 meter, trs nanti pilih top… https://t.co/arJ3ZjSQXO","4/8/2021 18:01:40","positif"
"195","@bdngfess Aya teknologi buatan dalam negeri + buatan menteri pendidikan dan kebudayaan yg dinamakan Gojek d dalamny… https://t.co/N9AxgKnDj6","4/8/2021 18:01:35","positif"
"196","@bibobubnay gofood","4/8/2021 18:01:12","netral"
"197","@qarissa08 @AAbbadhia @aurzzi Gofood bisa kali bad","4/8/2021 17:54:40","positif"
"198","jam segini gapapa ga sih mesen gofood.....","4/8/2021 17:41:08","netral"
"199","@ngguuatellie Mao nya gofood aja dah ke sini ..","4/8/2021 17:39:27","positif"
"200","Klo random yg ada di gofood kurs ihhh wkwk","4/9/2021 23:56:27","positif"
"201","RT @DiahRudiyanti: Assalammualaikum sobat twitland yg baik,yakin Allah yg kirimkan pembelinya, Mulyarasa bebek grabfood gofood DM https://t…","4/9/2021 23:56:24","positif"
"202","@flwyrd beliin gofood sabi nih","4/9/2021 23:52:13","positif"
"203","RT @ikaikraami: Ya ampun sebenernya sayang sih kalau ovo gak lagi sama tokped. Karena aku lebih cinta ovo daripada gopay :') gopay udah set…","4/9/2021 23:49:04","negatif"
"204","Ya ampun sebenernya sayang sih kalau ovo gak lagi sama tokped. Karena aku lebih cinta ovo daripada gopay :') gopay… https://t.co/CAZ4bIma43","4/9/2021 23:48:37","negatif"
"205","RT @DiahRudiyanti: Assalammualaikum sobat twitland yg baik,yakin Allah yg kirimkan pembelinya, Mulyarasa bebek grabfood gofood DM https://t…","4/9/2021 23:37:38","positif"
"206","Pgn nasi uduk tp malas belinya gegara jauh ð© gofood ongkirnya mehong bisa dapet satu bungkus ð coba ada pacar ya bisa mintol deh bel","4/9/2021 23:33:21","positif"
"207","Sedih bgt tbtb ditelfon papa ""ini ada nasi dus di kantor papa ennak bgt. Papa dikasi 2, 1lg buat km ya papa kirim k… https://t.co/2d1c8zWCkV","4/9/2021 23:29:10","positif"
"208","RT @DiahRudiyanti: Assalammualaikum sobat twitland yg baik,yakin Allah yg kirimkan pembelinya, Mulyarasa bebek grabfood gofood DM https://t…","4/9/2021 23:23:01","positif"
"209","RT @DiahRudiyanti: Assalammualaikum sobat twitland yg baik,yakin Allah yg kirimkan pembelinya, Mulyarasa bebek grabfood gofood DM https://t…","4/9/2021 23:13:38","positif"
"210","@DORbertanya Ga masak, gofood mcd, ricis, ato kalo ga pengen makan berat ya pesen ke warkop deket kosan.","4/9/2021 23:08:24","positif"
"211","RT @BerburuSale: WINGSTOP | BUY 8 GET 8!

ð️ 9 - 11 April 2021 
Order via GrabFood &amp; GoFood. https://t.co/cFZrJ1W","4/9/2021 22:36:44","positif"
"212","Kedai Ayam Juntay Dasana indah available on gofood and grabfood dgn diskon khusus hingga bonus menu spesial Juntay… https://t.co/iC1SmBcBpd","4/9/2021 22:35:43","positif"
"213","https://t.co/AEbmMMdjb3 https://t.co/D0SEbRa9QU","4/9/2021 22:27:10","positif"
"214","Eh ini gaada promo gofood pickup?","4/9/2021 22:10:20","positif"
"215","RT @PapaAis_: Good morning People
Grab your breakfast now!  @DapurGita_CS is open from 7:00 AM. Order Available at: 
Grabfood https://t.co/…","4/9/2021 21:55:19","positif"
"216","RT @PapaAis_: Good morning People
Grab your breakfast now!  @DapurGita_CS is open from 7:00 AM. Order Available at: 
Grabfood https://t.co/…","4/9/2021 21:55:03","positif"
"217","Jam jamnya kepengen gofood wingheng","4/9/2021 20:38:21","positif"
"218","Gofood jam 2 malem ah mantapð","4/9/2021 19:55:14","positif"
"219","RT @DiahRudiyanti: Assalammualaikum sobat twitland yg baik,yakin Allah yg kirimkan pembelinya, Mulyarasa bebek grabfood gofood DM https://t…","4/9/2021 19:26:14","positif"
"220","RT @DiahRudiyanti: Assalammualaikum sobat twitland yg baik,yakin Allah yg kirimkan pembelinya, Mulyarasa bebek grabfood gofood DM https://t…","4/9/2021 19:24:53","positif"
"221","malem-malem kelaperan, eh tiba-tiba ada yg dateng bawain makanan. peka bgt emg mas-mas gofood ni.","4/9/2021 19:07:09","positif"
"222","fakkk gofood malem malem ongkir mahal","4/9/2021 19:05:19","negatif"
"223","@fckinloveyou @BERBURUSALE_ di halaman gofood gaada promo pick up, biasanya kan ada kolom isinya toko2 yg ada promo… https://t.co/47UNAL8ZDl","4/9/2021 18:59:01","negatif"
"224","@freyasheinaa ( gofood wkwkwk. )","4/9/2021 18:48:54","positif"
"225","@Askrlfess Dengerin aja. Ajak gofood makanan. Ngga usah disalahin lagi anaknya, dia pasti sadar kalo dia salah kok.… https://t.co/bRQFkEFhca","4/9/2021 18:39:22","positif"
"226","RT @BerburuSale: WINGSTOP | BUY 8 GET 8!

ð️ 9 - 11 April 2021 
Order via GrabFood &amp; GoFood. https://t.co/cFZrJ1W","4/9/2021 18:36:56","positif"
"227","@DemyRoseMawby gofood","4/9/2021 18:30:59","netral"
"228","Jam segini tiba2 ngebayangin ayam mcd, sampe ngehaluin aroma2nya khas mcd;(( tapi gamungkin sih nge gofood, gilee kali yaaa wkwk","4/9/2021 18:30:45","negatif"
"229","@DemyRoseMawby Gofood ð","4/9/2021 18:28:36","netral"
"230","Masih mikir ,gofood kol goreng apa tidur yak ð","4/9/2021 18:27:51","positif"
"231","@softlittlemist Mending dikasih voucher gofood, mayan gratis ongkir","4/9/2021 18:24:15","positif"
"232","@fujobean @stoobelli Ada boo, td di gofood daerah setiabufi masi ada. Hehe","4/9/2021 18:24:09","positif"
"233","RT @hongzoom: sexc bf sexc gf ini mah... ave would go like, ""matt, laper :c"" and instead of pesenin gofood, malah matt (my old name) yang b…","4/9/2021 18:22:57","positif"
"234","Laper apakah masih bisa gofood jam segini","4/9/2021 18:20:45","netral"
"235","RT @BerburuSale: CO.CHOC | BUY 1, GET 1 FREE Signature Dark Chocolate ð¥³

9 - 11 April 2021.
ð Seluruh outlet Co.choc Berlaku pembelia","4/9/2021 18:20:12","positif"
"236","@alphavityazi Gofood","4/9/2021 18:20:08","netral"
"237","RT @novanadamnstry: Pacar aku lucu bgt dulu bilang ada gofood di depan rumah pas aku buka dia di depan rumahku sambil buka tangannya lebar2…","4/9/2021 18:19:56","positif"
"238","@onicybogu if we dated, mauu main nginep dirumah km atauga km yg nginep di ak,ð kt pesen gofood yg banyakk bangett… https://t.co/Eafd8tc","4/9/2021 18:18:34","positif"
"239","sexc bf sexc gf ini mah... ave would go like, ""matt, laper :c"" and instead of pesenin gofood, malah matt (my old na… https://t.co/ri9JRKwuXO","4/9/2021 18:17:12","positif"
"240","mau gofood? rep cobað","4/9/2021 18:08:50","positif"
"241","@JUALAN_BASE cod bisa ga si sesama depok:( ato gofood gt","4/9/2021 18:07:54","positif"
"242","RT @javafoodie_: Ini kalau lg bingung gofood apa di daerah sekitar baciro, kotagede dll. 

Aku coba tadi enaaak ð https://t.co/l04fPRG","4/9/2021 18:07:17","positif"
"243","duh ini orang semarang jauh benul pernah di gofood in sarapan sama dia kapan main ke jakarta wey","4/9/2021 17:51:14","positif"
"244","pengen gofood tapi gopay abis gaada cash mau minta mamah udah tidur hehe laper janco","4/9/2021 17:47:51","positif"
"245","@alhackID Lagi pesen gofood","4/9/2021 17:47:33","positif"
"246","@collegemenfess HAHAHA temen bgini lope lope bgt

Gw pernah ngajarin trus tiba² gofood dateng","4/9/2021 17:47:18","positif"
"247","Pusing dritdi ga kelar2, ga ada yg bisa bantuin apa f,, w gofood in sini dah","4/9/2021 17:43:47","positif"
"248","Iseng buka gofood jam segini eh malah kepencet order nasi goreng, hadeh jari ini ya emang ga bisa dikondisikan","4/9/2021 17:33:55","negatif"
"249","Kerja ngerasa laper pesen gofood. Giliran dah kenyang ngantuk. Biadab emang.","4/9/2021 17:31:03","positif"
"250","RT @ko2w: Gofood meminta ke penjual makanan dan pengantar 30 persen tapi masih menganjurkan supaya pelanggan memberikan tip.","4/10/2021 23:59:35","negatif"
"251","RT @ko2w: Gofood meminta ke penjual makanan dan pengantar 30 persen tapi masih menganjurkan supaya pelanggan memberikan tip. https://t.co/x…","4/10/2021 23:59:15","negatif"
"252","@VICE_ID Nonton netflix, streaming konten2 Bangtan, gofood makanan yg enak2, rebahan. Tanpa ada gangguan apapun, cu… https://t.co/p32GujtGSG","4/10/2021 23:59:15","positif"
"253","RT @ko2w: Gofood meminta ke penjual makanan dan pengantar 30 persen tapi masih menganjurkan supaya pelanggan memberikan tip.","4/10/2021 23:59:11","negatif"
"254","RT @ko2w: Gofood meminta ke penjual makanan dan pengantar 30 persen tapi masih menganjurkan supaya pelanggan memberikan tip.","4/10/2021 23:59:10","negatif"
"255","RT @ko2w: Gofood meminta ke penjual makanan dan pengantar 30 persen tapi masih menganjurkan supaya pelanggan memberikan tip.","4/10/2021 23:59:05","negatif"
"256","RT @ko2w: Gofood meminta ke penjual makanan dan pengantar 30 persen tapi masih menganjurkan supaya pelanggan memberikan tip.","4/10/2021 23:58:59","negatif"
"257","RT @ko2w: Gofood meminta ke penjual makanan dan pengantar 30 persen tapi masih menganjurkan supaya pelanggan memberikan tip.","4/10/2021 23:58:37","negatif"
"258","RT @ko2w: Gofood meminta ke penjual makanan dan pengantar 30 persen tapi masih menganjurkan supaya pelanggan memberikan tip.","4/10/2021 23:58:05","negatif"
"259","RT @ko2w: Gofood meminta ke penjual makanan dan pengantar 30 persen tapi masih menganjurkan supaya pelanggan memberikan tip. https://t.co/x…","4/10/2021 23:57:42","negatif"
"260","RT @ko2w: Gofood meminta ke penjual makanan dan pengantar 30 persen tapi masih menganjurkan supaya pelanggan memberikan tip.","4/10/2021 23:57:26","negatif"
"261","RT @ko2w: Gofood meminta ke penjual makanan dan pengantar 30 persen tapi masih menganjurkan supaya pelanggan memberikan tip.","4/10/2021 23:57:25","negatif"
"262","RT @ko2w: Gofood meminta ke penjual makanan dan pengantar 30 persen tapi masih menganjurkan supaya pelanggan memberikan tip.","4/10/2021 23:57:23","negatif"
"263","RT @tresnowicaksono: @ko2w kalau gak salah narik 12% plus 5000 rupiah untuk seller yang baru buka.

bayangkan minuman 10.000, trus gofood m…","4/10/2021 23:57:20","negatif"
"264","RT @ko2w: Gofood meminta ke penjual makanan dan pengantar 30 persen tapi masih menganjurkan supaya pelanggan memberikan tip.","4/10/2021 23:57:12","negatif"
"265","RT @ko2w: Gofood meminta ke penjual makanan dan pengantar 30 persen tapi masih menganjurkan supaya pelanggan memberikan tip.","4/10/2021 23:56:29","negatif"
"266","RT @ko2w: Gofood meminta ke penjual makanan dan pengantar 30 persen tapi masih menganjurkan supaya pelanggan memberikan tip.","4/10/2021 23:56:15","negatif"
"267","@novadvna Aamiinn. Jualan biar bisa gofood atau beli makan di warteg karna ga bisa masak ð","4/10/2021 23:56:11","positif"
"268","RT @ko2w: Gofood meminta ke penjual makanan dan pengantar 30 persen tapi masih menganjurkan supaya pelanggan memberikan tip.","4/10/2021 23:55:46","negatif"
"269","RT @ko2w: Gofood meminta ke penjual makanan dan pengantar 30 persen tapi masih menganjurkan supaya pelanggan memberikan tip.","4/10/2021 23:55:00","negatif"
"270","RT @ko2w: Gofood meminta ke penjual makanan dan pengantar 30 persen tapi masih menganjurkan supaya pelanggan memberikan tip.","4/10/2021 23:54:00","negatif"
"271","RT @ko2w: Gofood meminta ke penjual makanan dan pengantar 30 persen tapi masih menganjurkan supaya pelanggan memberikan tip.","4/10/2021 23:53:00","negatif"
"272","RT @ko2w: Gofood meminta ke penjual makanan dan pengantar 30 persen tapi masih menganjurkan supaya pelanggan memberikan tip.","4/10/2021 23:52:53","negatif"
"273","RT @ko2w: Gofood meminta ke penjual makanan dan pengantar 30 persen tapi masih menganjurkan supaya pelanggan memberikan tip.","4/10/2021 23:52:42","negatif"
"274","RT @ko2w: Gofood meminta ke penjual makanan dan pengantar 30 persen tapi masih menganjurkan supaya pelanggan memberikan tip.","4/10/2021 23:52:31","negatif"
"275","RT @ko2w: Gofood meminta ke penjual makanan dan pengantar 30 persen tapi masih menganjurkan supaya pelanggan memberikan tip.","4/10/2021 23:50:27","negatif"
"276","RT @ko2w: Gofood meminta ke penjual makanan dan pengantar 30 persen tapi masih menganjurkan supaya pelanggan memberikan tip. https://t.co/x…","4/10/2021 23:50:14","negatif"
"277","Yg mau langsung dm ya voucher gofood, ga kepake samsek

#zonauang #zonajajan 
https://t.co/XOw5Np55i7","4/10/2021 23:49:49","positif"
"278","RT @ko2w: Gofood meminta ke penjual makanan dan pengantar 30 persen tapi masih menganjurkan supaya pelanggan memberikan tip.","4/10/2021 23:49:24","negatif"
"279","RT @ko2w: Gofood meminta ke penjual makanan dan pengantar 30 persen tapi masih menganjurkan supaya pelanggan memberikan tip.","4/10/2021 23:49:21","negatif"
"280","RT @ko2w: Gofood meminta ke penjual makanan dan pengantar 30 persen tapi masih menganjurkan supaya pelanggan memberikan tip.","4/10/2021 23:49:19","negatif"
"281","RT @ko2w: Gofood meminta ke penjual makanan dan pengantar 30 persen tapi masih menganjurkan supaya pelanggan memberikan tip. https://t.co/x…","4/10/2021 23:49:10","negatif"
"282","RT @nct_menfess: nct! dreamies lagi persami malah pesen starbak, curiga bawa beras pada gk dimasak dan gofood pizza, panitia persami pasti…","4/10/2021 23:48:10","positif"
"283","RT @ko2w: Gofood meminta ke penjual makanan dan pengantar 30 persen tapi masih menganjurkan supaya pelanggan memberikan tip.","4/10/2021 23:47:16","negatif"
"284","RT @tresnowicaksono: @ko2w kalau gak salah narik 12% plus 5000 rupiah untuk seller yang baru buka.

bayangkan minuman 10.000, trus gofood m…","4/10/2021 23:47:12","negatif"
"285","RT @ko2w: Gofood meminta ke penjual makanan dan pengantar 30 persen tapi masih menganjurkan supaya pelanggan memberikan tip.","4/10/2021 23:46:43","negatif"
"286","RT @ko2w: Gofood meminta ke penjual makanan dan pengantar 30 persen tapi masih menganjurkan supaya pelanggan memberikan tip.","4/10/2021 23:46:38","negatif"
"287","RT @ko2w: Gofood meminta ke penjual makanan dan pengantar 30 persen tapi masih menganjurkan supaya pelanggan memberikan tip.","4/10/2021 23:46:35","negatif"
"288","RT @ko2w: Gofood meminta ke penjual makanan dan pengantar 30 persen tapi masih menganjurkan supaya pelanggan memberikan tip.","4/10/2021 23:45:55","negatif"
"289","RT @ko2w: Gofood meminta ke penjual makanan dan pengantar 30 persen tapi masih menganjurkan supaya pelanggan memberikan tip.","4/10/2021 23:45:54","negatif"
"290","RT @ko2w: Gofood meminta ke penjual makanan dan pengantar 30 persen tapi masih menganjurkan supaya pelanggan memberikan tip.","4/10/2021 23:45:32","negatif"
"291","RT @ko2w: Gofood meminta ke penjual makanan dan pengantar 30 persen tapi masih menganjurkan supaya pelanggan memberikan tip.","4/10/2021 23:45:30","negatif"
"292","RT @ko2w: Gofood meminta ke penjual makanan dan pengantar 30 persen tapi masih menganjurkan supaya pelanggan memberikan tip.","4/10/2021 23:44:52","negatif"
"293","Yuk cobain sate taichan jumbo legomoro.. dijamin ketagihan, puas dan nikmat pastinya.. 
Harga : 45k isi 10 tusuk gu… https://t.co/JCUpZSBpUk","4/10/2021 23:44:43","positif"
"294","RT @ko2w: Gofood meminta ke penjual makanan dan pengantar 30 persen tapi masih menganjurkan supaya pelanggan memberikan tip. https://t.co/x…","4/10/2021 23:44:29","negatif"
"295","RT @ko2w: Gofood meminta ke penjual makanan dan pengantar 30 persen tapi masih menganjurkan supaya pelanggan memberikan tip.","4/10/2021 23:43:33","negatif"
"296","RT @ko2w: Gofood meminta ke penjual makanan dan pengantar 30 persen tapi masih menganjurkan supaya pelanggan memberikan tip.","4/10/2021 23:43:24","negatif"
"297","RT @ko2w: Gofood meminta ke penjual makanan dan pengantar 30 persen tapi masih menganjurkan supaya pelanggan memberikan tip.","4/10/2021 23:43:21","negatif"
"298","RT @ko2w: Gofood meminta ke penjual makanan dan pengantar 30 persen tapi masih menganjurkan supaya pelanggan memberikan tip.","4/10/2021 23:43:03","negatif"
"299","RT @ko2w: Gofood meminta ke penjual makanan dan pengantar 30 persen tapi masih menganjurkan supaya pelanggan memberikan tip.","4/10/2021 23:41:08","negatif"
"300","@gojekindonesia mengapa km pelit tidak memberikan lg pot pick up dan voc gofood 30% apakah karna aku anak pedalaman skrgð","4/11/2021 23:53:22","negatif"
"301","@andiiiiiiiinnnn Gofood.. Grabfood.. :)","4/11/2021 23:49:31","netral"
"302","RT @BerburuSale: KEDAI KOPI KULO | PROMO Kombo HEMAT Kulo Teng-Go serba Rp30.000 ð¥³

Berlaku setiap pembelian melalui aplikasi GoFood, wa","4/11/2021 23:49:08","positif"
"303","RT @florieliciouss: Tradisi di Ambon sebelum puasa orang² piknik. Td diajakin teman ke Pantai Liang ,males. Pasti rame. Keponakanku juga lg…","4/11/2021 23:47:48","positif"
"304","Ada yg udah pernah order ini ga? Ini kalo pesen pake gofood/grabfood gitu abangnya kesusahan ga ya bawanya? https://t.co/pB1aj9ExUj","4/11/2021 23:45:47","netral"
"305","RT @tresnowicaksono: @ko2w kalau gak salah narik 12% plus 5000 rupiah untuk seller yang baru buka.

bayangkan minuman 10.000, trus gofood m…","4/11/2021 23:44:27","negatif"
"306","@Bandungfess Sender na mau gofood makanan yah?","4/11/2021 23:42:16","positif"
"307","jogja hujan anjeng??? mana gelap bgt, gue pengen gofood anjer","4/11/2021 23:31:17","positif"
"308","@BERBURUSALE_ Maaf oot, kalau masih dapet voc gomart gopay dll tapi gapernah dapet voc gofood lg tu kena soft banne… https://t.co/JeJDS48a8A","4/11/2021 23:25:35","positif"
"309","RT @BerburuSale: McD | Pilihan MENU RECEH 1+1 MENANG BANYAK ð

Berlaku untuk Dine In, McDelivery Drive Thru, GoFood &amp; GrabFood. https://t","4/11/2021 23:24:47","positif"
"310","@sintakayaknyaa apalgi kalo mesen gofood pdhl emak masak","4/11/2021 23:22:32","negatif"
"311","Aku ngga buatin makanan utk suami, tapi aku *nyiapin*

Yak, courtesy by gofood/ grabfood or warung sebelah https://t.co/0UryZqgQqC","4/11/2021 23:20:58","positif"
"312","RT @ko2w: Gofood meminta ke penjual makanan dan pengantar 30 persen tapi masih menganjurkan supaya pelanggan memberikan tip.","4/11/2021 23:12:18","negatif"
"313","RT @ko2w: Gofood meminta ke penjual makanan dan pengantar 30 persen tapi masih menganjurkan supaya pelanggan memberikan tip.","4/11/2021 23:08:53","negatif"
"314","RT @BerburuSale: McD | Pilihan MENU RECEH 1+1 MENANG BANYAK ð

Berlaku untuk Dine In, McDelivery Drive Thru, GoFood &amp; GrabFood. https://t","4/11/2021 23:07:24","positif"
"315","RT @ko2w: Gofood meminta ke penjual makanan dan pengantar 30 persen tapi masih menganjurkan supaya pelanggan memberikan tip.","4/11/2021 23:00:47","negatif"
"316","pelis aku baru tau cara gofood di gojek semudah ituð¤¨ð","4/11/2021 22:51:11","positif"
"317","@ardianpancaa Jujur si bang justru gw pikir onlen shop selama ini kena pajak. Trs si penjual ada mdr nya gtu. Kyk l… https://t.co/dRmc7RpB3G","4/11/2021 22:29:43","negatif"
"318","RT @ko2w: Gofood meminta ke penjual makanan dan pengantar 30 persen tapi masih menganjurkan supaya pelanggan memberikan tip.","4/11/2021 22:14:34","negatif"
"319","RT @BerburuSale: McD | Pilihan MENU RECEH 1+1 MENANG BANYAK ð

Berlaku untuk Dine In, McDelivery Drive Thru, GoFood &amp; GrabFood. https://t","4/11/2021 22:05:37","positif"
"320","gofood apa ya","4/11/2021 21:44:09","positif"
"321","@ocacoolla sedia gofood ongkir ceban","4/11/2021 21:08:07","positif"
"322","auto degdegan tiap lagi bm sesuatu di gofood pas masakan mama masih banyak tapi aku suka uji nyali jadi aku tetap o… https://t.co/M2AZhZMX1U","4/11/2021 21:02:58","positif"
"323","Kenyang tanpa masak ? #GoFood-in aja
Download #Gojek dan mulai #HidupTanpaBatas di Tomohon ##HidupTanpaBatas #GojekTomohon","4/11/2021 20:46:02","positif"
"324","tapiii gue juga liet orang indo yg lagi karantina di wisma atlet, yg berarti mereka positif covid 19, bahkan bisa o… https://t.co/b8xPdbXnsV","4/11/2021 20:31:42","positif"
"325","RT @ayarizqiya: Order gofood dalam rangka temen ultah, terus ditelfon abangnya.. terus masnya ngomong jawa gitu ke barista/kasirnya. Seketi…","4/11/2021 20:31:17","positif"
"326","Nunggu gofood.","4/11/2021 20:28:50","netral"
"327","@parvasani Gofood ae.....","4/11/2021 20:21:43","positif"
"328","RT @ko2w: Gofood meminta ke penjual makanan dan pengantar 30 persen tapi masih menganjurkan supaya pelanggan memberikan tip.","4/11/2021 20:20:10","negatif"
"329","RT @fullmoonfolks: Yang sering bikin merasa berdosa kalau pesen gofood tuh sampah plastiknya, masa sambel aja plastiknya sampe harus dobel…","4/11/2021 20:12:37","negatif"
"330","gofood mekdi ga ya laper bgt","4/11/2021 20:03:10","netral"
"331","RT @BerburuSale: McD | Pilihan MENU RECEH 1+1 MENANG BANYAK ð

Berlaku untuk Dine In, McDelivery Drive Thru, GoFood &amp; GrabFood. https://t","4/11/2021 19:45:38","positif"
"332","@maxteaa kok kamu ga pernanh gofood in aku sekalian? ð","4/11/2021 19:40:25","positif"
"333","laperrr kalo gofood jam segini kasian abang nya gasih?","4/11/2021 19:36:21","netral"
"334","RT @BerburuSale: McD | Pilihan MENU RECEH 1+1 MENANG BANYAK ð

Berlaku untuk Dine In, McDelivery Drive Thru, GoFood &amp; GrabFood. https://t","4/11/2021 19:30:13","positif"
"335","RT @BerburuSale: KEDAI KOPI KULO | PROMO Kombo HEMAT Kulo Teng-Go serba Rp30.000 ð¥³

Berlaku setiap pembelian melalui aplikasi GoFood, wa","4/11/2021 19:29:47","positif"
"336","@sarikaya__ Gofood in rico","4/11/2021 19:21:45","positif"
"337","gofood atau tidur?","4/11/2021 19:13:40","netral"
"338","RT @BerburuSale: McD | Pilihan MENU RECEH 1+1 MENANG BANYAK ð

Berlaku untuk Dine In, McDelivery Drive Thru, GoFood &amp; GrabFood. https://t","4/11/2021 19:12:54","positif"
"339","promo gofood pick up+promo gofood biasa, per item cuma bayar 8k aja fess monanggg murce bgt aku ampe borong wkwk ð¥º❤ https://t.co/Q5Zop7N","4/11/2021 19:00:44","positif"
"340","RT @BerburuSale: McD | Pilihan MENU RECEH 1+1 MENANG BANYAK ð

Berlaku untuk Dine In, McDelivery Drive Thru, GoFood &amp; GrabFood. https://t","4/11/2021 18:57:37","positif"
"341","Si @gojekindonesia mah bener2 dah servernya, masa order gofood dikasih drivernya yg posisinya jauh banget sama rest… https://t.co/8YsqMq2Vck","4/11/2021 18:50:28","negatif"
"342","Hai. Aku ada voucher voc gofood lagi nih! Promo diskon 30% (maks 10k) minimal pembelian 30k. Fee 1k/voucher. Bisa l… https://t.co/WbZ5jh8HWZ","4/11/2021 18:49:42","positif"
"343","RT @ko2w: Gofood meminta ke penjual makanan dan pengantar 30 persen tapi masih menganjurkan supaya pelanggan memberikan tip.","4/11/2021 18:48:15","negatif"
"344","@alysvr SAMA gofood apaan ya jam segini","4/11/2021 18:44:49","positif"
"345","@MeliaAgustin_ Lebih ke ambil order gofood aja ga ambil order lainnya....","4/11/2021 18:41:40","positif"
"346","@Serigala_1452 Wew..kk lebih ke gofood atau gojek","4/11/2021 18:37:16","positif"
"347","@DwiFerdian1 gofood sego goreng babi gk se fer ndek kostanku wkwk","4/11/2021 18:21:03","positif"
"348","laperr pgn gofood tp ujanð","4/11/2021 18:16:54","negatif"
